사업부(조정),부서명,대분류,중분류,Cost Elem desc,합계 : 202501,합계 : 202502,합계 : 202503,합계 : 202504,합계 : 202505,합계 : 202506,합계 : 202507,합계 : 202508,합계 : 202509, 합계 : 202510 
DX,MD,감가상각비,비품,감가상각비_공기구비품,0,0,0,0,0,0,0,0,0,38.29
DX,MD,감가상각비,비품,감가상각비_기계장치,0,0,0,0,0,0,0,"1,531.03","1,531.02","2,868.95"
DX,MD,광고비,샘플사용,간접 샘플 수수료,0,0,0,0,0,0,0,0,0,"1,389.20"
DX,MD,복리후생비,공적금,복리후생비_공적금,"14,351.00","14,351.00","14,351.00","14,351.00","6,720.00","10,560.00","13,920.00","12,940.00","11,648.00","15,396.00"
DX,MD,복리후생비,사회보험,복리후생비_사회보험,"30,736.88","30,736.88","30,736.88","30,736.88","14,392.00","22,616.00","29,812.00","27,715.40","24,945.45","32,973.61"
DX,MD,수주회,수주회,광고비_수주회,0,0,0,0,0,0,0,0,0,0
DX,MD,인건비,"급여,성과급",인건비,"362,706.91","253,868.00","545,650.14","365,184.68","154,074.80","190,088.31","319,046.79","390,451.98","312,840.33","395,153.54"
DX,MD,인건비,"파트타임,인턴",노무비,"3,781.52",153.19,"3,702.91","5,293.32","3,932.70","2,572.08",0,"2,797.84","2,646.66","2,797.84"
DX,MD,출장비,국내출장비,여비교통비_국내출장비,129.14,118.35,0,0,0,0,"12,162.83",776.54,"6,758.50","10,971.32"
DX,MD,출장비,해외출장비,여비교통비_해외출장비,"27,519.85","10,218.47","6,252.30",0,"5,965.00","7,747.36","29,542.30","41,133.70","23,503.40","23,221.84"
DX,MO,감가상각비,비품,감가상각비_기계장치,0,0,0,0,0,0,0,484.54,484.54,484.54
DX,MO,출장비,국내출장비,여비교통비_국내출장비,458.81,0,"4,242.62","5,008.26",-0.01,0,"6,281.65",391.33,973.8,0
DX,MO,출장비,해외출장비,여비교통비_해외출장비,0,"6,236.33",0,0,0,"2,881.72","6,228.75","13,660.38","15,972.26",0.01
DX,VMD,감가상각비,비품,감가상각비_기계장치,0,0,0,503.81,503.8,503.81,503.8,"1,815.65","1,815.65","1,815.67"
DX,VMD,복리후생비,공적금,복리후생비_공적금,"8,527.00","8,527.00","8,527.00","8,527.00","8,527.00","8,527.00","8,527.00","12,393.00","12,068.00","11,976.00"
DX,VMD,복리후생비,사회보험,복리후생비_사회보험,"18,262.86","18,262.86","18,262.86","18,262.86","18,262.86","18,262.86","18,262.86","26,543.04","25,844.95","25,649.11"
DX,VMD,인건비,"급여,성과급",인건비,"129,879.85","88,677.33","200,396.97","87,512.73","87,512.73","88,664.22","87,512.73","102,649.17","111,438.57","118,546.07"
DX,VMD,인건비,"파트타임,인턴",노무비,"4,414.59","1,693.35","3,876.00","2,439.80","2,041.94",0,0,"1,286.04","3,015.17","2,845.09"
DX,VMD,출장비,국내출장비,여비교통비_국내출장비,"4,008.53",352.83,"4,211.97","9,892.18","3,524.52","12,538.57","7,822.74",855.69,"8,399.70","5,484.16"
DX,VMD,출장비,해외출장비,여비교통비_해외출장비,"8,644.68",0,"2,473.75",0,0,0,"2,610.68","9,156.24",0,0
DX,리테일,감가상각비,비품,감가상각비_기계장치,0,0,0,0,0,0,0,496.49,496.48,496.49
DX,리테일,복리후생비,공적금,복리후생비_공적금,"9,943.00","9,943.00","9,943.00","13,783.00","13,783.00","9,353.00","12,185.00","22,455.00","17,596.00","19,452.00"
DX,리테일,복리후생비,사회보험,복리후생비_사회보험,"21,295.08","21,295.08","21,295.08","29,519.08","29,519.08","20,030.38","26,095.58","48,093.32","37,681.95","41,657.44"
DX,리테일,인건비,"급여,성과급",인건비,"217,826.00","124,472.00","368,658.13","145,459.15","203,402.66","109,579.98","150,396.56","206,505.53","192,528.20","214,522.84"
DX,리테일,출장비,국내출장비,여비교통비_국내출장비,0,0,0,0,0,"5,403.77","9,065.62","7,171.01","3,943.21","8,345.43"
DX,마케팅,광고비,마케팅,광고선전비_MKT광고,"2,040,382.01","1,483,169.57","1,521,502.11","1,747,705.28","3,452,921.23","3,444,342.90","564,071.23","2,870,925.89","9,698,892.00","5,396,085.99"
DX,마케팅,복리후생비,공적금,복리후생비_공적금,"15,060.00","21,540.00","21,540.00","21,540.00","17,220.00","19,620.00","19,620.00","24,296.00","23,416.00","20,684.00"
DX,마케팅,복리후생비,사회보험,복리후생비_사회보험,"32,253.50","46,131.50","46,131.50","46,131.50","36,879.50","42,019.50","42,019.50","52,037.18","50,149.09","44,299.25"
DX,마케팅,수주회,수주회,광고비_수주회,0,"490,550.52",0,0,0,0,0,0,0,"797,025.50"
DX,마케팅,인건비,"급여,성과급",인건비,"298,336.84","243,905.33","419,511.22","223,066.47","191,730.66","213,417.87","231,334.53","242,729.81","200,685.88","194,632.20"
DX,마케팅,출장비,국내출장비,여비교통비_국내출장비,"7,757.11",282,0,0,0,"2,027.18","7,988.13",600,"4,437.65","23,510.50"
DX,마케팅,출장비,해외출장비,여비교통비_해외출장비,"2,767.34","5,700.49",0,0,0,0,"5,267.68",0,0,"1,514.00"
DX,온라인,광고비,샘플사용,직접 샘플 수수료,0,0,0,0,0,0,0,0,0,0
DX,온라인,복리후생비,공적금,복리후생비_공적금,"10,720.00","10,720.00","15,100.00","15,100.00","10,670.00","10,670.00","10,670.00","10,670.00","14,768.00","10,716.00"
DX,온라인,복리후생비,사회보험,복리후생비_사회보험,"22,960.90","22,960.90","32,341.40","32,341.40","22,852.70","22,852.70","22,852.70","22,852.70","31,627.45","22,950.61"
DX,온라인,인건비,"급여,성과급",인건비,"226,057.91","132,793.33","196,979.88","214,992.28","120,002.73","121,581.72","127,247.00","120,002.73","141,829.65","161,019.25"
DX,인테리어,출장비,국내출장비,여비교통비_국내출장비,"2,515.58",0,0,"14,091.99","2,766.45","15,654.00","4,136.04","3,686.00","3,386.13","4,434.05"
KIDS,MD,감가상각비,비품,감가상각비_기계장치,946.92,946.93,946.86,946.92,946.93,946.92,946.92,"1,832.31","1,832.38","1,832.35"
KIDS,MD,광고비,샘플사용,간접 샘플 수수료,0,0,0,0,0,0,0,0,0,0
KIDS,MD,복리후생비,공적금,복리후생비_공적금,"14,995.00","14,995.00","19,425.00","18,110.00","15,950.00","15,950.00","15,950.00","19,452.00","19,331.00","19,239.00"
KIDS,MD,복리후생비,사회보험,복리후생비_사회보험,"32,114.90","32,114.90","41,603.60","38,786.70","34,160.70","34,160.70","34,160.70","41,660.10","41,398.49","41,202.65"
KIDS,MD,인건비,"급여,성과급",인건비,"259,690.60","178,435.20","134,363.80","195,116.66","163,222.53","183,211.23","180,831.87","193,356.47","189,599.02","174,993.75"
KIDS,MD,출장비,국내출장비,여비교통비_국내출장비,0,0,531,0,"7,204.38","1,168.93","3,177.79",0,125.05,0
KIDS,MD,출장비,해외출장비,여비교통비_해외출장비,0,0,"9,201.36","14,163.12",0,"27,073.14","4,660.16",0,"19,222.25",0
KIDS,VMD,감가상각비,비품,감가상각비_기계장치,"1,096.26","1,096.26","1,096.26","1,096.28","1,096.26","1,096.26","1,096.26",215.59,215.58,215.59
KIDS,VMD,복리후생비,공적금,복리후생비_공적금,"6,399.00","6,399.00","6,399.00","6,399.00","6,399.00","6,399.00","6,399.00","8,553.00","7,476.00","7,476.00"
KIDS,VMD,복리후생비,사회보험,복리후생비_사회보험,"13,727.31","13,727.31","13,727.31","13,727.31","13,727.31","13,727.31","13,727.31","18,290.43","16,045.96","16,021.24"
KIDS,VMD,인건비,"급여,성과급",인건비,"111,499.20","69,966.67","19,401.60","70,766.13","70,766.13","71,697.27","70,766.13","72,775.30","67,267.15","69,835.00"
KIDS,VMD,출장비,국내출장비,여비교통비_국내출장비,0,"22,235.54","17,654.74","12,788.54","17,372.16","4,192.52","18,345.07","19,766.87","27,719.65","6,066.18"
KIDS,VMD,출장비,해외출장비,여비교통비_해외출장비,0,0,0,0,0,0,0,0,0,696.17
KIDS,Wholesale,감가상각비,비품,감가상각비_기계장치,403.14,403.16,403.14,403.14,403.16,403.14,0,811.99,812.01,811.99
KIDS,Wholesale,광고비,샘플사용,간접 샘플 수수료,0,0,0,0,0,0,0,0,0,0
KIDS,Wholesale,복리후생비,공적금,복리후생비_공적금,"8,973.00","8,973.00","8,973.00","9,933.00","11,613.00","15,381.00","9,590.00","10,670.00","10,808.00","10,716.00"
KIDS,Wholesale,복리후생비,사회보험,복리후생비_사회보험,"19,443.56","19,443.56","19,443.56","21,499.56","24,870.37","32,940.17","20,539.70","22,852.70","23,146.45","22,950.61"
KIDS,Wholesale,수주회,수주회,광고비_수주회,0,0,0,0,0,0,0,0,0,0
KIDS,Wholesale,인건비,"급여,성과급",인건비,"192,667.00","121,524.00","385,972.80","122,478.67","131,789.67","152,770.76","138,605.13","142,667.20","139,663.68","108,432.99"
KIDS,Wholesale,출장비,국내출장비,여비교통비_국내출장비,"1,302.86","11,529.82","10,808.40","6,430.71","14,686.38","1,750.00","5,535.84","6,923.98","10,883.80","4,770.93"
KIDS,리테일,감가상각비,비품,감가상각비_기계장치,0,0,0,0,0,0,0,646.75,646.76,646.75
KIDS,리테일,복리후생비,공적금,복리후생비_공적금,"7,670.00","7,670.00","7,670.00","7,670.00","11,690.00","11,690.00","11,690.00","11,982.00","10,988.00","10,896.00"
KIDS,리테일,복리후생비,사회보험,복리후생비_사회보험,"16,526.39","16,526.39","16,526.39","16,526.39","25,135.89","25,135.89","25,135.89","25,563.71","23,531.95","23,336.11"
KIDS,리테일,인건비,"급여,성과급",인건비,"183,030.42","176,336.00","200,632.52","178,547.86","189,765.87","190,841.73","201,765.87","201,999.27","187,459.00","185,386.25"
KIDS,리테일,출장비,국내출장비,여비교통비_국내출장비,738,"2,760.24",0,542.36,"2,374.74","2,392.26","4,505.30","1,162.75","5,665.47","1,040.80"
KIDS,마케팅,광고비,마케팅,광고선전비_MKT광고,"1,180,411.98","1,012,785.23","1,074,654.92","1,550,411.21","1,578,007.02","1,052,265.83","1,517,361.77","1,412,957.94","1,793,238.67","1,828,484.43"
KIDS,마케팅,복리후생비,공적금,복리후생비_공적금,"5,621.00","5,621.00","5,621.00","5,621.00","5,621.00","5,621.00","5,621.00","9,047.00","7,334.00","7,334.00"
KIDS,마케팅,복리후생비,사회보험,복리후생비_사회보험,"12,037.45","12,037.45","12,037.45","12,037.45","12,037.45","12,037.45","12,037.45","19,373.95","15,705.70","15,705.70"
KIDS,마케팅,수주회,수주회,광고비_수주회,"351,519.66",0,0,0,0,0,"305,030.41",0,"52,497.10",0
KIDS,마케팅,인건비,"급여,성과급",인건비,"104,797.00","59,884.00","51,768.58","62,078.07","62,078.07","62,894.88","62,078.07","65,289.77","57,559.46","61,261.25"
KIDS,마케팅,출장비,국내출장비,여비교통비_국내출장비,0,0,0,"8,427.36",168,0,0,187,0,587
KIDS,온라인,복리후생비,공적금,복리후생비_공적금,"12,108.00","12,108.00","12,108.00","12,108.00","12,108.00","12,108.00","12,108.00","16,290.00","11,171.00","12,911.00"
KIDS,온라인,복리후생비,사회보험,복리후생비_사회보험,"25,932.49","25,932.49","25,932.49","25,932.49","25,932.49","25,932.49","25,932.49","34,886.33","23,924.09","27,650.59"
KIDS,온라인,인건비,"급여,성과급",인건비,"191,470.54","127,465.41","-11,765.13","152,015.33","123,545.60","125,171.20","146,735.37","127,465.69","92,751.41","127,859.94"
KIDS,인테리어,복리후생비,공적금,복리후생비_공적금,"2,544.00","2,544.00","2,544.00","2,544.00","2,544.00",0,0,0,0,0
KIDS,인테리어,복리후생비,사회보험,복리후생비_사회보험,"5,446.77","5,446.77","5,446.77","5,446.77","5,446.77",0,0,0,0,0
KIDS,인테리어,인건비,"급여,성과급",인건비,"41,314.00","23,608.00","-30,681.86","23,324.40","43,812.62",0,0,0,0,0
KIDS,인테리어,출장비,국내출장비,여비교통비_국내출장비,0,0,0,711.32,"14,427.55","1,624.10","16,909.52","6,902.57","10,210.95",0
MLB,Business Development,감가상각비,비품,감가상각비_기계장치,139.03,139.04,139.03,139.04,139.03,139.03,139.04,839.15,839.17, 839 
MLB,MD,감가상각비,비품,감가상각비_기계장치,820.3,820.31,820.31,884.17,884.21,884.17,279.47,"3,631.49","3,631.47"," 3,632 "
MLB,MP(상품기획),감가상각비,비품,감가상각비_기계장치,0,0,0,0,0,0,0,"1,152.28","1,152.26"," 1,152 "
MLB,VMD,감가상각비,비품,감가상각비_기계장치,"2,702.45","4,791.38","4,791.40","4,589.81","4,589.79","4,589.80","3,677.81","4,540.16","4,059.46"," 4,059 "
MLB,Wholesale,감가상각비,비품,감가상각비_기계장치,0,0,0,0,0,0,0,215.59,215.58, 216 
MLB,리테일,감가상각비,비품,감가상각비_기계장치,0,0,0,0,0,0,0,"1,851.29","1,851.31"," 1,851 "
MLB,마케팅,감가상각비,비품,감가상각비_기계장치,"2,032.98","2,033.02","2,032.98","2,032.99","2,032.99","2,033.00","1,371.73","6,147.41","6,147.51"," 6,131 "
MLB,온라인,감가상각비,비품,감가상각비_기계장치,"1,020.07","1,020.10","1,020.07","1,020.08","1,020.09","1,020.08",358.82,"5,545.73","5,545.70"," 5,546 "
MLB,유통MD,감가상각비,비품,감가상각비_기계장치,0,0,0,0,0,0,0,"1,688.66","1,688.69"," 1,689 "
MLB,인테리어,감가상각비,비품,감가상각비_기계장치,"4,115.04","4,115.03","5,631.70","7,966.02","7,966.00","7,966.01","6,424.70","5,914.01","5,914.00"," 5,914 "
MLB,MD,광고비,샘플사용,간접 샘플 수수료,394.05,717.41,0,0,334.58,236.33,0,0,809.19, - 
MLB,VMD,광고비,샘플사용,간접 샘플 수수료,0,0,0,0,0,0,0,0,0, - 
MLB,마케팅,광고비,마케팅,광고선전비_MKT광고,"14,215,214.33","11,967,807.10","12,289,854.53","8,439,833.15","9,760,835.62","7,896,446.26","7,037,706.69","15,093,846.82","24,609,586.80"," 10,372,993 "
MLB,마케팅,광고비,샘플사용,간접 샘플 수수료,0,0,0,0,0,0,0,0,0, - 
MLB,마케팅,광고비,샘플사용,직접 샘플 수수료,0,0,0,0,0,0,0,0,0, - 
MLB,마케팅,광고비,직영점,광고선전비_직영점광고비,0,0,0,0,0,0,0,0,0, - 
MLB,온라인,광고비,마케팅,광고선전비_MKT광고,0,0,0,0,0,0,"695,775.59",0,0, - 
MLB,온라인,광고비,샘플사용,간접 샘플 수수료,0,0,0,0,0,0,0,0,0, - 
MLB,온라인,광고비,샘플사용,직접 샘플 수수료,0,0,0,0,0,0,0,0,0, - 
MLB,온라인,광고비,온라인광고비,광고선전비_차오지투이지앤,0,0,0,0,0,0,0,0,0, - 
MLB,Business Development,복리후생비,공적금,복리후생비_공적금,"3,857.00","16,279.00","16,279.00","16,279.00","13,862.00","13,862.00","13,862.00","16,374.00","3,717.00"," 3,717 "
MLB,Business Development,복리후생비,사회보험,복리후생비_사회보험,"8,262.39","34,868.58","34,868.58","34,868.58","29,690.19","29,690.19","29,690.19","35,071.53","7,961.97"," 7,962 "
MLB,MD,복리후생비,공적금,복리후생비_공적금,"52,045.00","53,725.00","53,725.00","53,725.00","51,805.00","51,805.00","48,325.00","61,263.00","48,032.00"," 47,572 "
MLB,MD,복리후생비,사회보험,복리후생비_사회보험,"111,467.66","115,065.66","115,065.66","115,065.66","110,953.66","110,953.66","103,500.66","131,211.42","102,864.12"," 101,885 "
MLB,MP(상품기획),복리후생비,공적금,복리후생비_공적금,"9,213.00","9,213.00","9,213.00","9,213.00","9,213.00","9,213.00","9,213.00","12,623.00","9,196.00"," 9,104 "
MLB,MP(상품기획),복리후생비,사회보험,복리후생비_사회보험,"19,731.49","19,731.49","19,731.49","19,731.49","19,731.49","19,731.49","19,731.49","27,031.07","19,693.36"," 19,498 "
MLB,VMD,복리후생비,공적금,복리후생비_공적금,"26,078.00","26,078.00","26,078.00","26,078.00","26,078.00","26,078.00","26,078.00","36,474.00","29,134.00"," 29,042 "
MLB,VMD,복리후생비,사회보험,복리후생비_사회보험,"55,847.25","55,847.25","55,847.25","55,847.25","55,847.25","55,847.25","55,847.25","78,124.35","62,396.88"," 62,201 "
MLB,Wholesale,복리후생비,공적금,복리후생비_공적금,"46,959.00","34,537.00","34,537.00","34,537.00","31,417.00","26,987.00","31,555.00","33,649.00","41,575.00"," 28,288 "
MLB,Wholesale,복리후생비,사회보험,복리후생비_사회보험,"100,578.52","73,972.33","73,972.33","73,972.33","67,290.33","57,801.63","67,586.79","72,060.42","89,037.78"," 60,586 "
MLB,리테일,복리후생비,공적금,복리후생비_공적금,"22,974.00","22,974.00","22,974.00","24,114.00","24,114.00","20,334.00","20,334.00","25,976.00","21,993.00"," 20,133 "
MLB,리테일,복리후생비,사회보험,복리후생비_사회보험,"49,202.83","49,202.83","49,202.83","51,644.33","51,644.33","43,548.83","43,548.83","55,637.47","47,099.29"," 43,118 "
MLB,마케팅,복리후생비,공적금,복리후생비_공적금,"52,648.00","52,648.00","54,568.00","54,568.00","54,568.00","54,568.00","52,718.00","68,810.00","68,115.00"," 64,927 "
MLB,마케팅,복리후생비,사회보험,복리후생비_사회보험,"112,753.77","112,753.77","116,865.77","116,865.77","116,865.77","116,865.77","112,905.31","153,425.89","139,841.84"," 139,154 "
MLB,온라인,복리후생비,공적금,복리후생비_공적금,"68,758.00","68,758.00","63,185.00","58,755.00","62,991.00","65,781.00","65,128.00","82,788.00","76,535.00"," 76,075 "
MLB,온라인,복리후생비,사회보험,복리후생비_사회보험,"147,262.73","147,262.73","135,325.77","125,837.07","134,910.33","143,134.33","139,487.25","177,319.15","163,912.15"," 162,933 "
MLB,유통MD,복리후생비,공적금,복리후생비_공적금,"17,852.00","17,852.00","17,852.00","17,852.00","17,852.00","17,852.00","17,852.00","22,708.00","27,870.00"," 40,789 "
MLB,유통MD,복리후생비,사회보험,복리후생비_사회보험,"38,232.67","38,232.67","38,232.67","38,232.67","38,232.67","38,232.67","38,232.67","48,638.87","59,690.19"," 87,359 "
MLB,인테리어,복리후생비,공적금,복리후생비_공적금,"30,852.00","30,852.00","30,852.00","30,276.00","29,256.00","30,768.00","30,768.00","41,224.00","37,442.00"," 37,350 "
MLB,인테리어,복리후생비,사회보험,복리후생비_사회보험,"66,074.41","66,074.41","66,074.41","64,840.81","62,656.31","65,895.20","65,895.20","88,281.44","80,183.37"," 79,988 "
MLB,Business Operation,수주회,수주회,광고비_수주회,0,0,0,0,0,0,0,0,0, - 
MLB,Business Plan,수주회,수주회,광고비_수주회,0,0,0,0,0,0,0,0,0, - 
MLB,Client Service,수주회,수주회,광고비_수주회,0,0,0,0,0,0,0,0,0, - 
MLB,IT,수주회,수주회,광고비_수주회,0,0,0,0,0,0,0,0,0, - 
MLB,MD,수주회,수주회,광고비_수주회,0,0,0,0,0,0,0,0,0, - 
MLB,MP(상품기획),수주회,수주회,광고비_수주회,0,0,0,0,0,0,0,0,0, - 
MLB,Supply Chain,수주회,수주회,광고비_수주회,0,0,0,0,0,0,0,0,0, - 
MLB,VMD,수주회,수주회,광고비_수주회,0,0,0,0,0,0,0,0,0, - 
MLB,Wholesale,수주회,수주회,광고비_수주회,0,0,0,0,0,0,0,0,0, - 
MLB,리테일,수주회,수주회,광고비_수주회,0,0,0,0,0,0,0,0,0, - 
MLB,마케팅,수주회,수주회,광고비_수주회,"5,786,996.54",0,"71,222.16",0,0,0,"5,810,605.74",0,"298,932.77", - 
MLB,법무,수주회,수주회,광고비_수주회,0,0,0,0,0,0,0,0,0, - 
MLB,온라인,수주회,수주회,광고비_수주회,0,0,0,0,0,0,0,0,0, - 
MLB,유통MD,수주회,수주회,광고비_수주회,0,0,0,0,0,0,0,0,0, - 
MLB,인사,수주회,수주회,광고비_수주회,0,0,0,0,0,0,0,0,0, - 
MLB,인테리어,수주회,수주회,광고비_수주회,0,0,0,0,0,0,0,0,0, - 
MLB,총무,수주회,수주회,광고비_수주회,0,0,0,0,0,0,0,0,0, - 
MLB,Business Development,인건비,"급여,성과급",인건비,"69,897.33","215,094.67","697,925.40","219,907.27","194,800.67","197,363.83","194,800.67","197,155.97","29,217.63"," 31,573 "
MLB,MD,인건비,"급여,성과급",인건비,"1,137,867.38","721,424.23","-196,048.64","733,371.20","692,201.47","717,970.87","653,998.80","665,941.18","601,337.77"," 614,738 "
MLB,MP(상품기획),인건비,"급여,성과급",인건비,"157,523.33","90,013.33","89,673.14","94,658.00","94,658.00","95,903.50","94,658.00","97,854.16","76,706.44"," 79,903 "
MLB,VMD,인건비,"급여,성과급",인건비,"491,350.44","293,569.33","206,717.97","292,530.33","292,530.33","296,379.42","290,564.33","304,560.96","264,905.11"," 280,186 "
MLB,VMD,인건비,"파트타임,인턴",노무비,"3,025.61",0,0,0,0,0,0,0,0, - 
MLB,Wholesale,인건비,"급여,성과급",인건비,"972,994.89","433,196.00","-407,362.94","422,691.86","337,715.13","307,933.10","297,692.43","245,504.32","402,038.10"," 293,747 "
MLB,Wholesale,인건비,퇴직급여,퇴직급여,0,0,0,0,0,0,"66,180.00",0,0, - 
MLB,리테일,인건비,"급여,성과급",인건비,"497,282.30","324,146.48","115,010.21","352,202.34","354,745.24","316,243.91","312,564.86","330,192.45","340,357.83"," 325,323 "
MLB,리테일,인건비,퇴직급여,퇴직급여,0,0,0,0,0,0,0,"93,869.00",0, - 
MLB,마케팅,인건비,"급여,성과급",인건비,"1,045,132.38","600,212.39","396,438.18","653,930.60","653,930.60","670,867.02","719,903.01","699,965.62","671,806.27"," 683,182 "
MLB,마케팅,인건비,"파트타임,인턴",노무비,"7,486.45","6,428.18",775.8,"5,672.28","10,284.29","7,939.97","5,407.72","7,335.26","10,813.42"," 11,183 "
MLB,온라인,인건비,"급여,성과급",인건비,"1,705,651.21","902,086.04","1,047,394.15","895,892.41","800,331.53","876,379.57","906,194.55","855,916.00","886,278.89"," 973,148 "
MLB,유통MD,인건비,"급여,성과급",인건비,"328,461.00","187,692.00","-164,115.69","199,944.60","199,944.60","202,575.45","199,944.60","204,498.38","258,651.95"," 369,059 "
MLB,인테리어,인건비,"급여,성과급",인건비,"871,691.66","507,863.07","179,765.01","491,546.77","506,339.60","521,565.32","524,032.37","531,909.95","543,269.31"," 533,765 "
MLB,인테리어,인건비,퇴직급여,퇴직급여,0,0,0,0,0,0,0,0,0," 68,115 "
MLB,인테리어,인건비,"파트타임,인턴",노무비,0,0,0,0,"1,286.04","2,041.94","3,704.92",0,0, - 
MLB,Business Development,출장비,국내출장비,여비교통비_국내출장비,54.3,"1,082.75","18,382.47","32,789.98","12,674.06","3,255.31","16,476.23","1,476.56",972.74, 339 
MLB,Business Development,출장비,해외출장비,여비교통비_해외출장비,0,0,0,0,0,0,0,0,0, - 
MLB,MD,출장비,국내출장비,여비교통비_국내출장비,0,0,299.81,0,57.18,0,"2,463.57",0,0, - 
MLB,MD,출장비,해외출장비,여비교통비_해외출장비,0,0,"25,378.20","35,488.60","8,608.92",0,0,0,0, - 
MLB,VMD,출장비,국내출장비,여비교통비_국내출장비,0,759.15,"3,221.86","19,826.92","12,330.59",133.1,"5,885.46","1,746.88","8,662.11", 560 
MLB,Wholesale,출장비,국내출장비,여비교통비_국내출장비,"8,154.61","16,014.27","17,637.63","49,010.94","9,142.22",399.5,0,"21,615.76","19,460.78"," 3,392 "
MLB,리테일,출장비,국내출장비,여비교통비_국내출장비,721,0,0,0,0,710.75,0,"1,863.75","5,617.67"," 1,950 "
MLB,마케팅,출장비,국내출장비,여비교통비_국내출장비,"1,533.51",0,292.73,"2,536.13","3,904.17","3,674.62","17,979.57","1,236.10","5,383.08"," 14,302 "
MLB,마케팅,출장비,해외출장비,여비교통비_해외출장비,"2,767.34",0,0,0,0,0,0,0,0, - 
MLB,온라인,출장비,국내출장비,여비교통비_국내출장비,556.73,0,160,"15,992.16","1,429.00",757.67,80.14,"5,244.65","10,134.14", - 
MLB,온라인,출장비,해외출장비,여비교통비_해외출장비,"7,184.68","2,303.65",0,0,0,0,"4,924.68",0,"2,185.50", - 
MLB,유통MD,출장비,국내출장비,여비교통비_국내출장비,61.93,0,0,0,0,38.78,0,0,"4,395.43", - 
MLB,인테리어,출장비,국내출장비,여비교통비_국내출장비,"10,971.44",724.49,"22,254.21","2,563.20","12,773.14","34,918.84","35,092.67","10,962.80","34,730.75"," 24,977 "
MLB,인테리어,출장비,해외출장비,여비교통비_해외출장비,0,0,0,0,0,0,"30,896.40","7,806.65",0, - 
공통,Business Development,기타,물류비,지급수수료_퀵서비스,192.68,286.11,75.4,92.15,159.17,139.21,87.96,33.51,75.4,59.34
공통,Business Development,기타,사무용품비,소모품비_사무용품,0,0,"2,265.49",0,0,0,0,0,0,0
공통,Business Development,기타,시내교통비,여비교통비_시내교통비,"2,094.41",447.12,122.92,392.64,0,104.89,279.9,50.39,430.09,135.19
공통,Business Development,기타,접대비,접대비,0,0,0,"1,556.60",301,0,464,0,290,342
공통,Business Development,복리후생비,기타 복리후생비,복리후생비_복리,"2,199.00",0,0,0,0,"4,000.00",0,0,0,0
공통,Business Development,임차료,관리비,지급임차료_관리비,0,0,0,0,0,"10,736.63","-10,736.63",0,0,0
공통,Business Operation,감가상각비,비품,감가상각비_기계장치,0,0,0,0,158.19,158.18,158.19,869.68,679.99,971.31
공통,Business Operation,기타,사무용품비,소모품비_사무용품,0,0,70.79,0,0,0,0,0,0,0
공통,Business Operation,기타,시내교통비,여비교통비_시내교통비,199.83,-152.62,163.24,118.53,249.92,504.93,112.61,212.12,660.71,293.22
공통,Business Operation,복리후생비,공적금,복리후생비_공적금,0,0,0,"3,480.00","3,480.00","3,480.00","3,480.00","3,480.00","3,480.00","3,480.00"
공통,Business Operation,복리후생비,사회보험,복리후생비_사회보험,0,0,0,"7,453.00","7,453.00","7,453.00","7,453.00","7,453.00","7,453.00","7,453.00"
공통,Business Operation,복리후생비,식대,복리후생비_식대,0,690.8,0,0,0,0,0,0,0,0
공통,Business Operation,복리후생비,주재원,복리후생비_외국인직원복리,"46,283.74","51,083.16","55,747.13","52,890.19","52,940.25","42,367.76","73,099.85","34,331.77","49,852.60","57,529.42"
공통,Business Operation,인건비,"급여,성과급",인건비,0,0,"451,479.35","138,850.08","138,850.08","139,456.89","134,213.47","134,213.47","160,566.80","157,608.80"
공통,Business Operation,지급수수료,지급수수료(중),지급수수료_지급용역료,0,"97,735.85",0,"86,594.34",0,"118,301.89","77,596.20","120,048.10","-60,491.52","15,897.15"
공통,Business Operation,출장비,국내출장비,여비교통비_국내출장비,296.2,0,0,"4,866.50","2,311.71",238.52,"18,478.91","-13,000.00","3,532.64","4,616.71"
공통,Business Operation,출장비,해외출장비,여비교통비_해외출장비,"3,262.85",0,"6,050.91",0,0,"5,497.57","10,529.70","3,267.00","25,339.86",0
공통,Business Plan,감가상각비,비품,감가상각비_기계장치,258.11,258.11,258.12,258.11,258.11,258.11,0,431.16,431.18,431.16
공통,Business Plan,기타,시내교통비,여비교통비_시내교통비,236.03,-1.83,60.83,0,0,36.8,0,106.23,128.61,64.39
공통,Business Plan,복리후생비,공적금,복리후생비_공적금,"3,300.00","3,300.00","3,300.00","3,300.00","3,300.00","3,300.00","3,300.00","3,422.00","3,361.00","3,361.00"
공통,Business Plan,복리후생비,사회보험,복리후생비_사회보험,"7,067.50","7,067.50","7,067.50","7,067.50","7,067.50","7,067.50","7,067.50","7,332.82","7,200.16","7,200.16"
공통,Business Plan,인건비,"급여,성과급",인건비,"64,166.67","36,666.67","-76,412.93","40,058.33","40,058.33","40,585.42","40,058.33","40,173.52","39,943.14","40,058.33"
공통,Business Plan,지급수수료,지급수수료(중),지급수수료_지급용역료,0,0,0,184,0,185,0,0,739.97,0
공통,Client Service,기타,물류비,지급수수료_퀵서비스,741.89,0,0,0,0,0,0,0,0,0
공통,Client Service,기타,시내교통비,여비교통비_시내교통비,94.11,0,0,0,0,0,0,0,0,0
공통,Internal Audit,감가상각비,비품,감가상각비_기계장치,0,0,0,0,0,0,0,273.53,273.52,273.53
공통,Internal Audit,복리후생비,공적금,복리후생비_공적금,0,0,0,0,0,0,"4,080.00","8,627.00","8,719.00","8,673.00"
공통,Internal Audit,복리후생비,사회보험,복리후생비_사회보험,0,0,0,0,0,0,"8,738.00","18,728.88","18,673.62","18,575.70"
공통,Internal Audit,인건비,"급여,성과급",인건비,0,0,0,0,0,0,"65,234.38","94,783.86","94,344.68","94,564.27"
공통,IT,감가상각비,비품,감가상각비_공기구비품,36.87,36.88,36.87,36.87,36.88,36.87,36.87,36.87,36.88,36.87
공통,IT,감가상각비,비품,감가상각비_기계장치,"46,840.90","46,841.23","47,433.29","47,564.67","47,565.03","57,025.74","54,883.45","18,024.25","17,871.56","26,403.43"
공통,IT,감가상각비,소프트웨어,감가상각비_소프트웨어,"111,528.97","111,737.32","116,490.32","116,490.28","116,490.32","116,490.31","116,490.30","116,490.33","116,490.28","116,490.31"
공통,IT,감가상각비,소프트웨어,감가상각비_홈페이지등,"1,185.68","1,185.69","1,185.68","1,185.68","1,185.69","1,185.68","1,185.69","1,185.68","1,185.68","1,185.69"
공통,IT,기타,물류비,지급수수료_퀵서비스,154.72,45.28,113.38,465.65,400.11,139.66,71.08,312.96,71.92,57.25
공통,IT,기타,사무용품비,소모품비_사무용품,"8,189.20","3,018.87","3,628.58",175.22,"22,105.65","6,072.49","1,439.82",0,0,"4,244.07"
공통,IT,기타,시내교통비,여비교통비_시내교통비,"1,718.53",-643.26,153.71,141.32,"1,434.28","2,108.95",468.27,325,691.22,810.68
공통,IT,기타,접대비,접대비,243,"1,638.46",0,0,0,0,"1,070.20",0,255,0
공통,IT,복리후생비,공적금,복리후생비_공적금,"23,415.00","23,415.00","23,415.00","23,415.00","23,415.00","23,415.00","23,415.00","32,385.00","28,176.00","27,992.00"
공통,IT,복리후생비,기타 복리후생비,복리후생비_복리,0,160,224,"2,287.00",182,0,0,647,532.9,0
공통,IT,복리후생비,사회보험,복리후생비_사회보험,"50,150.38","50,150.38","50,150.38","50,150.38","50,150.38","50,150.38","50,150.38","69,353.60","60,339.49","59,947.81"
공통,IT,복리후생비,식대,복리후생비_식대,0,280,40,40,160,760,0,"1,187.48",280,0
공통,IT,인건비,"급여,성과급",인건비,"596,178.20","340,497.33","-34,153.24","252,254.13","252,254.13","255,573.27","252,254.13","260,661.99","243,846.27","252,254.13"
공통,IT,지급수수료,IT비용,지급수수료_소프트웨어사용료,0,0,0,0,0,0,0,"9,582.30",0,0
공통,IT,지급수수료,IT비용,지급수수료_지급용역료,"431,748.33","526,742.85","954,341.48","810,011.91","1,170,698.69","-4,325.44","812,049.06","610,206.76","561,569.67","724,283.10"
공통,IT,출장비,국내출장비,여비교통비_국내출장비,0,0,0,0,0,0,0,0,"1,649.03",0
공통,MD,기타,물류비,지급수수료_퀵서비스,551.51,680.25,872.64,"1,377.33","1,143.49",868.45,771.77,"1,207.48","1,033.54","1,184.30"
공통,MD,기타,사무용품비,소모품비_사무용품,0,0,"1,100.00",0,0,421.9,"1,949.20",256.46,"41,046.91",0
공통,MD,기타,사무용품비,소모품비_포장소모품,"2,294.00",0,0,0,0,0,0,0,0,0
공통,MD,기타,시내교통비,여비교통비_시내교통비,"7,690.82","2,396.64","3,284.25","1,541.98","1,739.15","3,812.57","2,599.63","6,261.16","3,575.24","2,489.68"
공통,MD,기타,접대비,접대비,"4,000.00",0,0,0,0,0,0,724,"3,531.00","1,450.00"
공통,MD,복리후생비,기타 복리후생비,복리후생비_복리,0,0,"1,396.00",760,"6,287.00",337,"3,911.50",0,"4,644.00",998
공통,MD,복리후생비,식대,복리후생비_식대,"1,312.60","1,160.00","2,678.50","1,551.92",359.81,760,815.5,870.19,"2,097.55",271.4
공통,MD,복리후생비,주재원,복리후생비_외국인직원복리,"34,061.86","34,061.87","34,809.17","54,802.54","73,611.67","74,046.29","131,927.63","78,896.96","74,389.51","65,029.07"
공통,MD,지급수수료,지급수수료(중),지급수수료_지급용역료,"1,976.64","1,976.64","1,976.64","1,976.64","1,976.64","1,976.64","1,976.64","1,976.64","1,976.64","1,976.64"
공통,MGT,감가상각비,비품,감가상각비_공기구비품,"1,022.20","1,022.21","1,022.18","1,022.21","1,022.20","1,022.20","1,022.18","1,022.20","1,022.21","1,022.20"
공통,MGT,감가상각비,비품,감가상각비_기계장치,"2,123.92","2,123.91","2,123.93","2,123.93","2,123.91","2,123.92","2,123.92","2,123.92","2,184.60","2,130.22"
공통,MGT,광고비,샘플사용,간접 샘플 수수료,0,0,0,0,0,0,0,0,0,0
공통,MGT,광고비,샘플사용,직접 샘플 수수료,0,0,0,0,0,0,0,0,0,0
공통,MGT,기타,교육훈련비,지급수수료_교육훈련비,0,0,0,"9,823.23",0,0,0,"87,054.62",0,0
공통,MGT,기타,사무용품비,소모품비_사무용품,0,0,"1,652.80",0,0,0,0,0,501.05,0
공통,MGT,기타,시내교통비,여비교통비_시내교통비,"11,298.45","11,682.38","5,080.00","8,871.28","11,680.69","12,068.03","13,835.10","13,715.46","12,959.35","14,858.95"
공통,MGT,기타,접대비,접대비,"4,023.00","49,170.00","23,222.00","9,772.10","10,107.90","21,292.00","12,862.00","19,486.00","23,794.14",0
공통,MGT,복리후생비,기타 복리후생비,복리후생비_복리,0,0,0,0,0,0,0,0,0,0
공통,MGT,복리후생비,식대,복리후생비_식대,"22,588.30","17,502.10","20,224.51","3,808.00","26,444.11","17,912.00","8,931.00","13,815.90","35,909.00","10,218.00"
공통,MGT,복리후생비,주재원,복리후생비_외국인직원복리,"382,983.31","147,277.58","103,578.49","138,942.15","95,752.38","102,409.82","181,305.22","103,659.34","63,473.32","69,850.61"
공통,MGT,인건비,"급여,성과급",인건비,"1,046,811.67","306,105.00","-544,754.60","504,439.93","504,439.95","504,439.93","504,439.93","816,487.15","323,984.00","328,474.93"
공통,MGT,인건비,퇴직급여,퇴직급여,0,0,0,0,0,0,0,0,0,0
공통,MGT,지급수수료,지급수수료(중),지급수수료_지급용역료,0,"5,000.00","7,600.00",0,0,0,0,0,0,0
공통,MGT,출장비,국내출장비,여비교통비_국내출장비,"1,600.36","1,002.31","2,185.85","18,320.42","12,125.06","1,242.94","22,297.20","1,370.62","6,580.57","10,406.66"
공통,MGT,출장비,해외출장비,여비교통비_해외출장비,"5,407.68","14,441.70","6,239.34",0,"19,627.20","7,755.90","14,551.38",0,"6,341.13",877.76
공통,MO,기타,물류비,지급수수료_퀵서비스,0,0,0,12.57,387.77,0,12.57,20.94,0,0
공통,MO,기타,사무용품비,소모품비_사무용품,0,0,0,0,0,0,0,"1,100.00",0,0
공통,MO,기타,시내교통비,여비교통비_시내교통비,198.49,568.04,144.56,153.24,429.2,158.25,378.22,110.51,223.18,257.57
공통,MO,복리후생비,기타 복리후생비,복리후생비_복리,0,0,0,0,0,0,"1,200.00",0,0,0
공통,MP(상품기획),기타,시내교통비,여비교통비_시내교통비,250.2,-67.44,0,0,0,0,0,87.28,0,0
공통,MP(상품기획),복리후생비,기타 복리후생비,복리후생비_복리,0,0,0,666,0,0,0,0,924,0
공통,Process Inovation,감가상각비,비품,감가상각비_기계장치,0,0,0,0,0,0,0,"2,260.92","2,260.88","3,064.24"
공통,Process Inovation,감가상각비,소프트웨어,감가상각비_소프트웨어,"46,925.46","46,925.47","46,925.46","46,925.46","46,925.47","46,925.46","46,925.47","46,925.46","46,925.46","46,925.47"
공통,Process Inovation,기타,물류비,지급수수료_퀵서비스,0,0,0,41.89,8.38,8.38,0,0,0,0
공통,Process Inovation,기타,사무용품비,소모품비_사무용품,0,0,0,0,0,0,0,0,"4,831.86",0
공통,Process Inovation,기타,시내교통비,여비교통비_시내교통비,114.69,102.89,0,338.82,0,467.35,55.73,134.99,192.1,475.13
공통,Process Inovation,복리후생비,공적금,복리후생비_공적금,"13,850.00","13,850.00","13,850.00","13,850.00","13,850.00","13,850.00","13,850.00","19,326.00","21,340.00","21,156.00"
공통,Process Inovation,복리후생비,기타 복리후생비,복리후생비_복리,0,0,0,0,0,"2,190.00",0,0,0,0
공통,Process Inovation,복리후생비,사회보험,복리후생비_사회보험,"29,660.55","29,660.55","29,660.55","29,660.55","29,660.55","29,660.55","29,660.55","41,398.09","45,703.43","45,311.75"
공통,Process Inovation,복리후생비,식대,복리후생비_식대,0,0,0,80,0,0,0,0,0,279.9
공통,Process Inovation,인건비,"급여,성과급",인건비,"307,496.00","175,712.00","82,575.16","175,860.20","175,860.20","178,174.15","175,860.20","204,873.33","222,657.79","227,793.53"
공통,Process Inovation,지급수수료,지급수수료(중),지급수수료_지급용역료,"32,798.75","94,119.74","53,632.07","59,493.18","53,350.89","189,665.31","183,367.87","86,981.27","48,505.56","251,462.18"
공통,Supply Chain,감가상각비,비품,감가상각비_기계장치,"4,353.90","4,353.99","4,353.82","4,353.91","4,353.90","4,353.99","4,892.22","6,757.77","6,758.00","6,757.94"
공통,Supply Chain,광고비,마케팅,광고선전비_MKT광고,0,0,0,0,0,0,0,0,0,0
공통,Supply Chain,광고비,샘플사용,간접 샘플 수수료,"32,585.79","-32,585.79","6,065.82","3,296.61","3,179.27","324,724.59","64,981.95","2,574.24","5,239.08","1,286.18"
공통,Supply Chain,기타,물류비,지급수수료_운송비,"30,000.00","30,000.00","30,000.00","30,000.00","30,000.00","30,000.00","30,000.00","30,000.00","30,000.00","30,000.00"
공통,Supply Chain,기타,물류비,지급수수료_퀵서비스,"6,814.27",864.3,791.6,925.53,485.92,"4,389.66","2,053.47","1,382.92",895.49,806.57
공통,Supply Chain,기타,사무용품비,소모품비_사무용품,0,618.58,"3,185.84",0,0,0,"1,946.90","3,893.80","1,061.94","4,486.73"
공통,Supply Chain,기타,사무용품비,소모품비_포장소모품,0,0,0,0,"2,123.89",0,0,0,0,0
공통,Supply Chain,기타,시내교통비,여비교통비_시내교통비,"1,362.36",-198.86,129.97,117.18,164.45,88.3,86.09,46.25,381.31,0
공통,Supply Chain,복리후생비,공적금,복리후생비_공적금,"42,886.00","40,606.00","42,958.00","42,958.00","42,958.00","39,034.00","43,139.00","50,014.00","45,702.00","44,700.00"
공통,Supply Chain,복리후생비,기타 복리후생비,복리후생비_복리,0,0,0,0,0,0,"11,485.00",0,0,0
공통,Supply Chain,복리후생비,사회보험,복리후생비_사회보험,"91,884.39","87,001.39","92,038.59","92,038.59","92,038.59","83,634.61","92,429.04","107,086.02","97,876.49","95,735.52"
공통,Supply Chain,인건비,"급여,성과급",인건비,"924,619.23","540,658.67","-91,857.88","553,682.60","530,405.93","515,970.10","514,619.25","500,213.02","513,498.07","511,527.04"
공통,Supply Chain,인건비,퇴직급여,퇴직급여,0,0,0,0,0,0,"25,777.05",0,0,0
공통,Supply Chain,인건비,"파트타임,인턴",노무비,"109,135.97","54,606.28","54,606.28","255,820.06","58,423.08","58,423.08","58,423.08","58,423.08","58,423.08","58,423.08"
공통,Supply Chain,지급수수료,지급수수료(중),지급수수료_지급용역료,"103,044.26","79,044.26","400,472.51","176,405.64","-171,009.24","71,955.34","-113,006.27","89,812.80","32,696.68","180,978.68"
공통,Supply Chain,출장비,국내출장비,여비교통비_국내출장비,"1,591.39",944.96,"2,095.28","3,103.45","3,136.05","1,993.67","2,021.33","1,006.42","1,080.49","1,564.75"
공통,VMD,기타,물류비,지급수수료_퀵서비스,368.58,275.96,128.88,206,131.68,52.36,62.57,107.53,928.69,187.09
공통,VMD,기타,사무용품비,소모품비_사무용품,0,0,"1,100.00",0,0,0,0,0,0,0
공통,VMD,기타,시내교통비,여비교통비_시내교통비,"4,872.30",575.27,"1,532.44","1,856.92",350.09,"2,496.52","1,320.67",809.19,"2,965.50","1,084.02"
공통,VMD,복리후생비,기타 복리후생비,복리후생비_복리,0,0,739.6,292,0,373,560.2,0,"1,896.00",0
공통,VMD,복리후생비,식대,복리후생비_식대,160,556.3,"1,512.70",760,520,0,"2,120.00",618.51,"1,025.30",560
공통,VMD,지급수수료,VMD,소모품비_매장소모품,0,"47,750.00",0,0,0,0,0,0,0,0
공통,VMD,지급수수료,지급수수료(중),지급수수료_지급용역료,0,"47,170.00","6,194.69",445.22,"97,000.00","98,000.00",0,0,0,0
공통,Wholesale,기타,물류비,지급수수료_퀵서비스,481.17,453.68,215.55,203.46,201.7,876.29,33.51,92.15,20.94,965.44
공통,Wholesale,기타,시내교통비,여비교통비_시내교통비,"4,965.15",-606.22,795.86,392.76,92.65,577.43,984.82,22.5,662.57,139.61
공통,Wholesale,기타,접대비,접대비,"7,141.00",0,647,455,0,"3,708.00","1,159.50",351,"1,807.00",771
공통,Wholesale,복리후생비,식대,복리후생비_식대,0,0,0,74.8,363.7,0,40,0,0,0
공통,구매,감가상각비,비품,감가상각비_기계장치,0,0,0,0,0,0,0,215.58,215.59,215.58
공통,구매,광고비,마케팅,광고선전비_MKT광고,0,0,0,0,0,0,0,0,0,0
공통,구매,기타,물류비,지급수수료_퀵서비스,140.92,79.74,120.23,119.97,107.38,18.64,183.57,338.72,287.05,459.92
공통,구매,기타,시내교통비,여비교통비_시내교통비,15.05,0,0,0,14.47,0,0,0,0,0
공통,구매,인건비,"급여,성과급",인건비,"15,418.33","15,418.33","-124,303.78","12,004.36","9,374.93","9,960.87",0,0,0,0
공통,구매,출장비,국내출장비,여비교통비_국내출장비,0,0,161,"3,382.49",0,0,0,0,0,0
공통,리테일,기타,물류비,지급수수료_퀵서비스,839.09,815.53,744.72,657.07,480.36,691.02,574.5,486.42,478.83,639.81
공통,리테일,기타,사무용품비,소모품비_사무용품,400,0,0,0,0,0,0,0,0,0
공통,리테일,기타,시내교통비,여비교통비_시내교통비,"4,648.56","1,458.93","1,593.20","2,259.39","2,075.94",645.75,"1,287.77",889.04,"3,153.11","1,593.70"
공통,리테일,기타,접대비,접대비,0,0,0,0,0,142,"23,681.67","1,442.48",393,780
공통,리테일,기타,통신비,통신비,121.7,521.7,121.69,0,243.39,121.7,121.7,121.7,121.69,121.7
공통,리테일,복리후생비,기타 복리후생비,복리후생비_복리,0,0,"4,300.00",930,0,0,0,"2,285.52",0,0
공통,리테일,복리후생비,식대,복리후생비_식대,"2,020.00","2,120.00",944.88,398,197,439,"3,900.00","7,226.06","2,416.64","1,200.10"
공통,리테일,복리후생비,주재원,복리후생비_외국인직원복리,"31,900.00","53,588.00","35,839.59","37,218.23","51,887.00","37,982.92","61,534.58","34,731.80","39,710.96","61,921.98"
공통,리테일,지급수수료,지급수수료(중),지급수수료_지급용역료,"25,399.44","-4,400.00",0,0,0,0,0,0,0,0
공통,마케팅,기타,물류비,지급수수료_퀵서비스,"1,726.68","1,328.49","1,914.81","2,162.30","1,369.58","2,698.49","1,161.40",497.79,"1,413.32","1,960.98"
공통,마케팅,기타,시내교통비,여비교통비_시내교통비,"5,502.34","1,129.27","4,996.33","2,468.95","1,192.57","2,111.67","1,910.05","3,447.31","5,437.49","4,535.30"
공통,마케팅,복리후생비,기타 복리후생비,복리후생비_복리,"12,000.00","2,567.00",0,"1,238.40",0,0,"2,280.20",0,0,0
공통,마케팅,복리후생비,식대,복리후생비_식대,"1,200.00","3,862.20","2,357.31","2,936.28","2,498.30","1,102.28","1,020.47",600,"1,360.00","2,379.50"
공통,마케팅,지급수수료,지급수수료(중),지급수수료_지급용역료,"1,976.64","86,685.83","1,976.64","1,976.64","1,976.64","1,976.63","1,976.64","63,297.39","1,976.64","1,976.64"
공통,법무,감가상각비,비품,감가상각비_기계장치,0,0,0,0,0,0,0,862.33,862.35,862.33
공통,법무,광고비,샘플사용,간접 샘플 수수료,0,0,0,0,"71,247.17",0,0,0,"60,869.40","34,520.41"
공통,법무,기타,물류비,지급수수료_퀵서비스,34.49,29.96,32.85,8.38,27.02,16.75,37.7,32.81,41.19,16.75
공통,법무,기타,시내교통비,여비교통비_시내교통비,525.99,-116.35,0,95.01,238.19,32.1,88.82,43.72,107.02,73.71
공통,법무,기타,접대비,접대비,0,0,0,0,0,0,807,0,0,0
공통,법무,복리후생비,공적금,복리후생비_공적금,"14,671.00","14,671.00","14,671.00","14,671.00","14,671.00","14,671.00","14,671.00","19,515.00","17,231.00","17,139.00"
공통,법무,복리후생비,사회보험,복리후생비_사회보험,"31,420.28","31,420.28","31,420.28","31,420.28","31,420.28","31,420.28","31,420.28","41,798.72","36,903.25","36,707.41"
공통,법무,복리후생비,식대,복리후생비_식대,0,0,0,0,0,0,0,0,30.89,0
공통,법무,인건비,"급여,성과급",인건비,"248,668.87","150,342.67","100,496.91","153,983.60","153,983.60","156,009.70","153,983.60","158,525.71","149,441.49","153,983.60"
공통,법무,인건비,"파트타임,인턴",노무비,"2,383.10","2,495.48","2,797.84","1,437.22",0,0,0,0,0,0
공통,법무,지급수수료,법무비용,보험료,0,0,0,0,"1,182.08",0,0,0,0,0
공통,법무,지급수수료,법무비용,지급수수료_지급용역료,"73,329.04","97,500.64","67,980.79","39,000.21","27,028.36","104,187.32","33,261.30","192,893.82","106,462.76","83,023.48"
공통,법무,출장비,국내출장비,여비교통비_국내출장비,0,0,0,0,323,0,0,0,0,0
공통,온라인,기타,물류비,지급수수료_퀵서비스,363.17,146.08,282.72,195.11,180.64,153.42,236.02,526.6,150.28,210.21
공통,온라인,기타,사무용품비,소모품비_사무용품,0,"1,100.00",0,0,0,0,0,0,0,0
공통,온라인,기타,시내교통비,여비교통비_시내교통비,"10,413.38","-2,316.44","4,357.41","2,294.17","4,502.86","2,770.81",825.19,"1,255.99","2,314.68","3,578.39"
공통,온라인,복리후생비,기타 복리후생비,복리후생비_복리,0,0,0,0,"1,151.00",0,0,"1,752.00",0,"17,378.50"
공통,온라인,복리후생비,식대,복리후생비_식대,"1,312.90",179.8,"1,089.40",0,115.9,"2,795.85",0,36.5,"1,670.46",566
공통,온라인,지급수수료,지급수수료(중),지급수수료_지급용역료,"263,408.40","129,069.03","263,633.41","275,566.79","110,182.22","112,321.84","456,006.36","110,182.61","110,182.21","469,158.21"
공통,유통MD,기타,물류비,지급수수료_퀵서비스,42.53,0,0,12.57,27.25,15.36,0,12.57,0,41.47
공통,유통MD,기타,시내교통비,여비교통비_시내교통비,"1,786.89",-920.48,715.07,59.18,0,602.51,158.45,43.11,354.75,0
공통,유통MD,복리후생비,기타 복리후생비,복리후생비_복리,"25,000.00",0,0,0,"4,716.00",0,0,0,0,0
공통,유통MD,복리후생비,식대,복리후생비_식대,"1,639.84",0,0,63.2,0,0,0,0,0,0
공통,인사,감가상각비,비품,감가상각비_기계장치,571.14,571.14,571.15,473.69,473.7,473.69,215.59,646.75,646.76,646.75
공통,인사,감가상각비,소프트웨어,감가상각비_소프트웨어,"1,814.09","1,814.09","1,814.09","1,814.09","1,814.09","1,814.09","1,814.09","1,814.09","1,814.09","1,814.09"
공통,인사,기타,교육훈련비,지급수수료_교육훈련비,0,0,0,0,0,0,0,0,0,0
공통,인사,기타,물류비,지급수수료_퀵서비스,132.02,72.26,441.98,81.6,110.23,119.74,65.26,85.47,79.58,80.23
공통,인사,기타,사무용품비,소모품비_사무용품,0,0,0,0,0,0,0,0,398.23,112
공통,인사,기타,시내교통비,여비교통비_시내교통비,570.32,427.05,334.37,69.09,67.48,56.12,239.82,0,804.53,0
공통,인사,기타,통신비,통신비,0,584.2,0,0,0,0,0,0,0,0
공통,인사,복리후생비,공적금,복리후생비_공적금,"16,741.00","16,929.00","16,929.00","16,929.00","16,929.00","16,929.00","16,929.00","24,121.00","20,663.00","20,571.00"
공통,인사,복리후생비,기타 복리후생비,복리후생비_복리,"1,717,322.01","461,684.47","27,446.00","163,438.00","360,305.59","-141,601.40","138,893.88","58,000.00","149,920.87","124,250.00"
공통,인사,복리후생비,보험료,보험료,0,0,0,0,"581,328.58","-1,037.20",0,"2,173.71",0,0
공통,인사,복리후생비,보험료,보험료_장애인보험료,0,0,0,0,0,0,0,0,0,"54,437.87"
공통,인사,복리후생비,사회보험,복리후생비_사회보험,"38,846.13","40,743.82","40,743.82","40,743.82","40,743.82","40,743.82","40,743.82","56,151.40","48,917.13","48,604.11"
공통,인사,복리후생비,식대,복리후생비_식대,70.1,0,0,0,40,0,0,0,0,0
공통,인사,인건비,"급여,성과급",인건비,"320,646.52","192,558.61","120,918.94","196,758.88","196,758.88","199,347.82","196,758.88","203,882.36","190,296.37","196,979.21"
공통,인사,지급수수료,지급수수료(중),지급수수료_지급용역료,"14,722.47","16,346.91","100,491.59","10,510.84","114,572.26","88,588.84","115,817.52","167,482.39","17,957.45","16,419.09"
공통,인테리어,기타,물류비,지급수수료_퀵서비스,305.45,161.49,329.94,456.4,395.4,291.72,455.81,315.4,465.49,256.68
공통,인테리어,기타,사무용품비,소모품비_사무용품,0,0,0,0,0,0,0,"1,700.00",0,0
공통,인테리어,기타,시내교통비,여비교통비_시내교통비,"6,941.23","4,437.97",0,"1,962.91","2,425.71","3,821.27","1,038.73",696.36,"2,411.12",820.61
공통,인테리어,복리후생비,기타 복리후생비,복리후생비_복리,0,0,0,"1,289.10",0,0,0,0,"6,606.50","1,086.00"
공통,인테리어,복리후생비,식대,복리후생비_식대,120,150,360,0,0,0,280,0,0,0
공통,인테리어,복리후생비,주재원,복리후생비_외국인직원복리,"122,019.47","135,459.78","136,976.94","144,660.87","120,011.74","102,693.54","140,074.34","136,940.16","142,688.57","125,898.84"
공통,인테리어,지급수수료,지급수수료(중),지급수수료_지급용역료,"20,600.00","141,900.00","634,550.00","258,928.30","926,753.21","409,496.67","794,466.66","127,300.00","35,733.33","87,016.98"
공통,재무,감가상각비,비품,감가상각비_기계장치,"1,441.96","1,441.96","1,441.95","1,441.94","1,441.99","1,441.94","1,038.82","2,824.20","2,824.26","2,824.21"
공통,재무,감가상각비,소프트웨어,감가상각비_소프트웨어,"2,888.05","2,888.05","2,888.04","2,888.05","2,888.05","2,888.05","2,888.05","2,888.05","2,888.04","2,888.05"
공통,재무,기타,교육훈련비,지급수수료_교육훈련비,"4,628.33","-4,583.33",0,90,0,0,0,45,0,0
공통,재무,기타,물류비,지급수수료_퀵서비스,744.28,637.98,647.34,574.19,486.32,517.47,434.38,392.8,360.48,787.26
공통,재무,기타,사무용품비,소모품비_사무용품,0,"1,075.59",42.79,75,358.49,30,60,0,"1,898.49",409.43
공통,재무,기타,시내교통비,여비교통비_시내교통비,"1,220.74","1,474.36","1,558.74",937.46,960.67,"1,011.19","1,057.85",909.15,"1,337.08",836.4
공통,재무,기타,접대비,접대비,"3,722.00","1,303.00",0,510,0,"1,000.00","1,485.15",0,"36,000.00",0
공통,재무,기타,통신비,통신비,18.83,0,24.18,0,21.38,18.85,37.63,0,18.95,37.81
공통,재무,복리후생비,공적금,복리후생비_공적금,"38,672.00","38,672.00","38,672.00","38,672.00","38,094.00","36,225.00","31,899.00","41,799.00","38,370.00","38,186.00"
공통,재무,복리후생비,기타 복리후생비,복리후생비_복리,0,0,0,0,0,"8,332.00",0,0,0,0
공통,재무,복리후생비,사회보험,복리후생비_사회보험,"83,159.21","83,159.21","83,159.21","83,159.21","81,921.72","77,920.03","68,652.95","88,917.26","82,164.57","81,772.89"
공통,재무,복리후생비,식대,복리후생비_식대,319,"1,117.70",520,920,280,680,760,360,480,"1,040.00"
공통,재무,복리후생비,주재원,복리후생비_외국인직원복리,0,0,0,800,0,0,0,0,0,0
공통,재무,세금과공과,부가세,세금과공과,"1,055,798.59","1,299,102.00",0,-0.01,"872,117.55","4,628.95","469,185.88",0,0,"1,560,703.13"
공통,재무,세금과공과,인화세,세금과공과_인화세,"266,439.19","278,118.73","217,215.55","170,314.79","153,979.95","191,765.15","304,651.78","401,934.99","375,852.86","269,965.88"
공통,재무,인건비,"급여,성과급",인건비,"752,068.78","435,657.67","324,946.62","440,078.28","433,012.36","415,207.94","343,175.39","376,880.16","379,240.12","392,117.22"
공통,재무,인건비,퇴직급여,퇴직급여,0,0,0,"53,634.00",0,0,"47,626.51",0,0,0
공통,재무,인건비,"파트타임,인턴",노무비,643.53,"1,588.40",0,0,0,0,0,0,"3,043.50","2,797.84"
공통,재무,임차료,수도광열비,수도광열비,0,0,0,0,0,0,0,0,0,226.42
공통,재무,지급수수료,재무비용,지급수수료_지급용역료,"148,381.44","144,281.19","477,224.86","186,860.27","147,663.44","333,658.11","45,801.81","82,646.95","237,857.88","47,521.30"
공통,재무,차량유지비,차량유지비,차량유지비,0,0,0,0,0,0,0,0,0,0
공통,재무,출장비,국내출장비,여비교통비_국내출장비,0,0,0,0,0,0,0,0,865.16,0
공통,재무,출장비,해외출장비,여비교통비_해외출장비,0,0,0,0,0,0,0,0,"7,677.81",554
공통,총무,감가상각비,비품,감가상각비_공기구비품,"9,079.60","9,079.61","9,079.61","9,079.60","9,079.61","9,079.64","9,079.60","9,079.59","9,079.66","9,079.57"
공통,총무,감가상각비,비품,감가상각비_기계장치,326.1,326.11,326.12,326.11,326.1,326.11,326.1,541.69,541.71,541.69
공통,총무,감가상각비,인테리어,감가상각비_인테리어,"106,414.19","106,414.18","106,414.19","106,414.19","77,526.28","77,526.27","188,637.39","212,663.21","200,823.37","200,823.37"
공통,총무,기타,물류비,지급수수료_퀵서비스,41.89,8.38,25.13,25.13,16.75,25.13,16.75,25.13,25.13,16.75
공통,총무,기타,사무용품비,소모품비_사무용품,"18,021.56","26,757.22","15,476.97","14,557.33","15,095.00","22,735.44","14,852.64","23,712.40","14,489.51","19,366.21"
공통,총무,기타,시내교통비,여비교통비_시내교통비,"1,439.13",-113.4,83.48,0,0,524.85,0,132.59,163.42,0
공통,총무,기타,통신비,통신비,"1,432.18","1,422.05","1,520.59","1,503.79","7,948.16","1,458.41","1,426.14","1,320.18","1,355.23","1,421.83"
공통,총무,복리후생비,공적금,복리후생비_공적금,"4,968.00","4,968.00","4,968.00","4,968.00","4,968.00","4,968.00","4,968.00","6,594.00","5,781.00","2,908.00"
공통,총무,복리후생비,기타 복리후생비,복리후생비_복리,"57,536.38","41,731.78","44,009.41","47,451.21","45,220.22","41,306.90","45,358.66","35,935.97","51,068.52","54,701.40"
공통,총무,복리후생비,사회보험,복리후생비_사회보험,"18,358.19","18,507.36","18,543.86","18,524.96","18,525.82","18,526.10","18,526.18","21,605.77","20,015.53","13,822.21"
공통,총무,복리후생비,식대,복리후생비_식대,80,238.99,40,0,0,0,0,0,0,0
공통,총무,인건비,"급여,성과급",인건비,"97,663.15","56,760.00","-43,604.27","55,269.73","55,269.73","55,996.97","55,269.73","56,756.70","45,532.30","28,684.93"
공통,총무,인건비,"파트타임,인턴",노무비,"42,625.85","45,167.79","37,410.01","39,951.43","40,517.65","41,097.46","41,899.08","40,373.31","39,208.43","40,558.60"
공통,총무,임차료,관리비,지급임차료_관리비,"176,733.28","176,733.28","176,733.28","159,202.64","198,354.37","198,354.37","198,354.37","198,354.37","198,354.37","198,354.37"
공통,총무,임차료,수도광열비,수도광열비,"12,591.38","15,200.33","13,179.17","13,719.81","14,260.78","12,511.61","12,313.20","18,605.60","10,448.95","16,723.94"
공통,총무,임차료,임차료,지급임차료_임차료,"1,485,693.28","1,485,693.28","1,485,693.28","1,349,532.34","1,213,371.41","1,213,371.41","1,700,180.60","1,700,180.60","1,700,180.60","1,700,180.60"
공통,총무,지급수수료,어드민,지급수수료_지급용역료,"10,904.98",562.74,"2,485.36",669.82,"12,028.51","46,363.20","14,497.64","-2,447.37",283.02,"13,620.28"
공통,총무,차량유지비,차량유지비,차량유지비,"49,073.58","51,695.06","46,276.97","46,296.52","48,832.04","48,919.90","49,018.11","48,351.65","48,101.02","47,945.98"
총합계,,,,,"46,922,125.62","31,459,910.04","27,661,143.53","27,825,462.79","32,098,784.69","27,081,201.55","33,349,840.40","36,239,754.19","51,990,669.54","36,245,145.15"
